{
    "가수": {
        "가수": 1.0,
        "강": 0.5495103810514722,
        "과학자": 0.3449143568674723,
        "국가": 0.25662975127880394,
        "군인": 0.3933791369199753,
        "기업": 0.2535878658294678,
        "기차역": 0.4804855630947994,
        "대도시": 0.42209062209496134,
        "대학": 0.1790958901246389,
        "산맥": 0.26393355854919975,
        "영화": 0.44159565014498575,
        "올림픽": 0.3824166701390193,
        "전쟁": 0.5400877892971039,
        "창작자": 0.5605310031345913,
        "캐릭터": 0.3919399946928025,
        "스포츠팀": 0.4118549823760986
    },
    "강": {
        "가수": 0.5495103810514722,
        "강": 1.0,
        "과학자": 0.3189156800508499,
        "국가": 0.23777759373188018,
        "군인": 0.304244802756743,
        "기업": 0.3481588661670685,
        "기차역": 0.343392531077067,
        "대도시": 0.3903506472706795,
        "대학": 0.25894735877712566,
        "산맥": 0.3540239665243361,
        "영화": 0.48118131810968573,
        "올림픽": 0.37719057202339173,
        "전쟁": 0.4854359139095653,
        "창작자": 0.3762605279684067,
        "캐릭터": 0.46157730370759964,
        "스포츠팀": 0.4115296800931294
    },
    "과학자": {
        "가수": 0.3449143568674723,
        "강": 0.3189156800508499,
        "과학자": 0.9999999403953552,
        "국가": 0.4402340283760658,
        "군인": 0.2918785189588865,
        "기업": 0.13540354867776236,
        "기차역": 0.22822258105644816,
        "대도시": 0.1846351898633517,
        "대학": 0.3040754795074463,
        "산맥": 0.315878186907087,
        "영화": 0.19835940322705675,
        "올림픽": 0.38551236115969145,
        "전쟁": 0.39191949367523193,
        "창작자": 0.4872295430728367,
        "캐릭터": 0.3663253873586655,
        "스포츠팀": 0.29797571649154025
    },
    "국가": {
        "가수": 0.25662975127880394,
        "강": 0.23777759373188018,
        "과학자": 0.4402340283760658,
        "국가": 1.0,
        "군인": 0.3539333164691925,
        "기업": 0.35973456170823837,
        "기차역": 0.2661644485261705,
        "대도시": 0.20302360587649876,
        "대학": 0.46924418210983276,
        "산맥": 0.4499960005283356,
        "영화": 0.25809180587530134,
        "올림픽": 0.42597441162381855,
        "전쟁": 0.33873023688793186,
        "창작자": 0.30776366260316634,
        "캐릭터": 0.16278195061853953,
        "스포츠팀": 0.48638562858104706
    },
    "군인": {
        "가수": 0.3933791369199753,
        "강": 0.304244802756743,
        "과학자": 0.2918785189588865,
        "국가": 0.3539333164691925,
        "군인": 1.0,
        "기업": 0.3744382932782173,
        "기차역": 0.2507177621126175,
        "대도시": 0.187107490003109,
        "대학": 0.34037098785241443,
        "산맥": 0.28951372612606396,
        "영화": 0.25971494208682666,
        "올림픽": 0.09327031392604114,
        "전쟁": 0.36646599119359796,
        "창작자": 0.2850975915789604,
        "캐릭터": 0.1581401505640575,
        "스포츠팀": 0.3425537082884047
    },
    "기업": {
        "가수": 0.2535878658294678,
        "강": 0.3481588661670685,
        "과학자": 0.13540354867776236,
        "국가": 0.35973456170823837,
        "군인": 0.3744382932782173,
        "기업": 1.0,
        "기차역": 0.22819617119702426,
        "대도시": 0.20108430493961682,
        "대학": 0.33531341769478534,
        "산맥": 0.2971647270023823,
        "영화": 0.31722572445869446,
        "올림픽": 0.1969878143734402,
        "전쟁": 0.3431310107310612,
        "창작자": 0.12691354887052014,
        "캐릭터": 0.14754373497433132,
        "스포츠팀": 0.4967165390650431
    },
    "기차역": {
        "가수": 0.4804855630947994,
        "강": 0.343392531077067,
        "과학자": 0.22822258105644816,
        "국가": 0.2661644485261705,
        "군인": 0.2507177621126175,
        "기업": 0.22819617119702426,
        "기차역": 1.0,
        "대도시": 0.3221258861677987,
        "대학": 0.07935017654248937,
        "산맥": 0.41431330889463425,
        "영화": 0.2838849753141403,
        "올림픽": 0.3222547703319125,
        "전쟁": 0.2856939807534218,
        "창작자": 0.2501788338025411,
        "캐릭터": 0.39120250940322876,
        "스포츠팀": 0.3494552820920944
    },
    "대도시": {
        "가수": 0.42209062209496134,
        "강": 0.3903506472706795,
        "과학자": 0.1846351898633517,
        "국가": 0.20302360587649876,
        "군인": 0.187107490003109,
        "기업": 0.20108430493961682,
        "기차역": 0.3221258861677987,
        "대도시": 0.9999999403953552,
        "대학": 0.14904377135363495,
        "산맥": 0.2541833333671093,
        "영화": 0.2594940781593323,
        "올림픽": 0.26853261391321814,
        "전쟁": 0.2872610047459602,
        "창작자": 0.3239792254236009,
        "캐릭터": 0.3168042429855892,
        "스포츠팀": 0.3491804748773575
    },
    "대학": {
        "가수": 0.1790958901246389,
        "강": 0.25894735877712566,
        "과학자": 0.3040754795074463,
        "국가": 0.46924418210983276,
        "군인": 0.34037098785241443,
        "기업": 0.33531341769478534,
        "기차역": 0.07935017654248937,
        "대도시": 0.14904377135363495,
        "대학": 1.0,
        "산맥": 0.35985959072907764,
        "영화": 0.2262473218142986,
        "올림픽": 0.17567304770151773,
        "전쟁": 0.29889828587571776,
        "창작자": 0.16891436278820038,
        "캐릭터": 0.19420180055830213,
        "스포츠팀": 0.3789892792701721
    },
    "산맥": {
        "가수": 0.26393355854919975,
        "강": 0.3540239665243361,
        "과학자": 0.315878186907087,
        "국가": 0.4499960005283356,
        "군인": 0.28951372612606396,
        "기업": 0.2971647270023823,
        "기차역": 0.41431330889463425,
        "대도시": 0.2541833333671093,
        "대학": 0.35985959072907764,
        "산맥": 0.9999999403953552,
        "영화": 0.23789713599465107,
        "올림픽": 0.4100208014249802,
        "전쟁": 0.37080797282132233,
        "창작자": 0.2324543923139572,
        "캐릭터": 0.32590428180992603,
        "스포츠팀": 0.44936831129921806
    },
    "영화": {
        "가수": 0.44159565014498575,
        "강": 0.48118131810968573,
        "과학자": 0.19835940322705675,
        "국가": 0.25809180587530134,
        "군인": 0.25971494208682666,
        "기업": 0.31722572445869446,
        "기차역": 0.2838849753141403,
        "대도시": 0.2594940781593323,
        "대학": 0.2262473218142986,
        "산맥": 0.23789713599465107,
        "영화": 1.0,
        "올림픽": 0.2230783060193062,
        "전쟁": 0.4830656051635742,
        "창작자": 0.2614930152893067,
        "캐릭터": 0.3121788688004017,
        "스포츠팀": 0.3842231233914693
    },
    "올림픽": {
        "가수": 0.3824166701390193,
        "강": 0.37719057202339173,
        "과학자": 0.38551236115969145,
        "국가": 0.42597441162381855,
        "군인": 0.09327031392604114,
        "기업": 0.1969878143734402,
        "기차역": 0.3222547703319125,
        "대도시": 0.26853261391321814,
        "대학": 0.17567304770151773,
        "산맥": 0.4100208014249802,
        "영화": 0.2230783060193062,
        "올림픽": 1.0,
        "전쟁": 0.30151115655899047,
        "창작자": 0.44916363557179767,
        "캐릭터": 0.3885442018508911,
        "스포츠팀": 0.3358698934316635
    },
    "전쟁": {
        "가수": 0.5400877892971039,
        "강": 0.4854359139095653,
        "과학자": 0.39191949367523193,
        "국가": 0.33873023688793186,
        "군인": 0.36646599119359796,
        "기업": 0.3431310107310612,
        "기차역": 0.2856939807534218,
        "대도시": 0.2872610047459602,
        "대학": 0.29889828587571776,
        "산맥": 0.37080797282132233,
        "영화": 0.4830656051635742,
        "올림픽": 0.30151115655899047,
        "전쟁": 1.0,
        "창작자": 0.3454167127609253,
        "캐릭터": 0.4191129580140114,
        "스포츠팀": 0.48386277092827684
    },
    "창작자": {
        "가수": 0.5605310031345913,
        "강": 0.3762605279684067,
        "과학자": 0.4872295430728367,
        "국가": 0.30776366260316634,
        "군인": 0.2850975915789604,
        "기업": 0.12691354887052014,
        "기차역": 0.2501788338025411,
        "대도시": 0.3239792254236009,
        "대학": 0.16891436278820038,
        "산맥": 0.2324543923139572,
        "영화": 0.2614930152893067,
        "올림픽": 0.44916363557179767,
        "전쟁": 0.3454167127609253,
        "창작자": 1.0,
        "캐릭터": 0.41865450143814087,
        "스포츠팀": 0.2700354550033808
    },
    "캐릭터": {
        "가수": 0.3919399946928025,
        "강": 0.46157730370759964,